<xml xmlns:o="urn:schemas-microsoft-com:office:office">
 <o:MainFile HRef="../weekly_report.html"/>
 <o:File HRef="stylesheet.css"/>
 <o:File HRef="tabstrip.html"/>
 <o:File HRef="sheet001.html"/>
 <o:File HRef="image001.png"/>
 <o:File HRef="image002.png"/>
 <o:File HRef="image003.gif"/>
 <o:File HRef="image004.gif"/>
 <o:File HRef="image005.png"/>
 <o:File HRef="image006.gif"/>
 <o:File HRef="image007.png"/>
 <o:File HRef="image008.gif"/>
 <o:File HRef="sheet002.html"/>
 <o:File HRef="image009.png"/>
 <o:File HRef="image010.gif"/>
 <o:File HRef="sheet003.html"/>
 <o:File HRef="image011.png"/>
 <o:File HRef="image012.gif"/>
 <o:File HRef="sheet004.html"/>
 <o:File HRef="sheet005.html"/>
 <o:File HRef="sheet006.html"/>
 <o:File HRef="filelist.xml"/>
</xml>